{"cameraMode":{"drawMode":0,"name":"Shaded","section":"Shading Mode"},"sceneLighting":true,"audioPlay":false,"sceneViewState":{"showFog":true,"showMaterialUpdate":false,"showSkybox":true,"showFlares":true,"showImageEffects":true,"showParticleSystems":true},"in2DMode":false,"pivot":{"x":257.8148193359375,"y":13.289276123046875,"z":151.76699829101563},"rotation":{"x":-0.11673381924629212,"y":-0.0014897446380928159,"z":0.00017518848471809179,"w":-0.9931621551513672},"size":309.3629150390625,"orthographic":false}